name,value
rmfolder,D:\RiskModel\RiskModel 5.3
pbase,/RiskModel1/Projects/Agency_2018/
macrofolder,/RiskModel4/Users/JayLiu/MPT/
rmpfolder,/RiskModel1/Projects/Agency_2018/MPT/MPT_201910_LLMA_NOMOD/PRIME_FRM/Simulation/shortterm/asofperiod339/shortterm_PRIME_FRM/v9427_test01
rmpfolder_win,Z:\Projects\Agency_2018\MPT\MPT_201910_LLMA_NOMOD\PRIME_FRM\Simulation\shortterm\asofperiod339\shortterm_PRIME_FRM\v9427_test01
datafolder,/RiskModel1/Projects/Agency_2018/MPT/MPT_201910_LLMA_NOMOD/PRIME_FRM/DATA/shortterm/asofperiod339
datafolder_win,Z:\Projects\Agency_2018\MPT\MPT_201910_LLMA_NOMOD\PRIME_FRM\DATA\shortterm\asofperiod339
projname,shortterm_PRIME_FRM
maxpid,1
rmpfile,v9427_test01_year2016
